"Краткое наименование";"Форма собственности";"ИНН";"КПП";"Руководитель";"Код КАСУ НСИ";"На проверке";"Требуется проверка";"Полное наименование";"Тип контрагента";"Скрывать при выборе"
224 ЛО;ПАО;7718763393;771801001;Михейчик Владимир Владимирович (ГЕНЕРАЛЬНЫЙ ДИРЕКТОР);MDM-612-000245330;нет;нет;ГОСУДАРСТВЕННАЯ АВИАКОМПАНИЯ 224 ЛЕТНЫЙ ОТРЯД;Юридическое лицо;нет
325 АРЗ;ПАО;6154105808;615401001;;MDM-612-000245334;нет;нет;325 АВИАЦИОННЫЙ РЕМОНТНЫЙ ЗАВОД;Юридическое лицо;нет
47 ЦПИИ;ПАО;7734202412;773401001;Стародубцев Михаил Анатольевич (Генеральный директор);MDM-512-000234421;нет;нет;47 ЦЕНТРАЛЬНЫЙ ПРОЕКТНО-ИЗЫСКАТЕЛЬСКИЙ ИНСТИТУТ;Юридическое лицо;нет
ААК ПРОГРЕСС;ПАО;2501002394;250101001;;MDM-612-000245406;нет;нет;АРСЕНЬЕВСКАЯ АВИАЦИОННАЯ КОМПАНИЯ ПРОГРЕСС ИМ. Н.И.САЗЫКИНА;Юридическое лицо;нет
АВАНГАРД;ПАО;7804001110;780401001;Верещака Валентин Григорьевич (ВРЕМЕННЫЙ ДИРЕКТОР);MDM-612-000245408;нет;нет;АВАНГАРД;Юридическое лицо;нет
АВТОДИЗЕЛЬ (ЯМЗ);ПАО;7601000640;760201001;Матюшин Андрей Александрович (ГЕНЕРАЛЬНЫЙ ДИРЕКТОР);MDM-713-000553369;нет;нет;АВТОДИЗЕЛЬ (ЯРОСЛАВСКИЙ МОТОРНЫЙ ЗАВОД);Юридическое лицо;нет
АГРЕГАТ;ПАО;7401000191;745701001;Елисеев Юрий Сергеевич (ГЕНЕРАЛЬНЫЙ ДИРЕКТОР);MDM-813-000564132;нет;нет;АГРЕГАТ;Юридическое лицо;нет
АК РУБИН;ПАО;5001000034;500101001;Окулов Александр Борисович (ГЕНЕРАЛЬНЫЙ ДИРЕКТОР);MDM-612-000245405;нет;нет;АВИАЦИОННАЯ КОРПОРАЦИЯ РУБИН;Юридическое лицо;нет
АК ЦНИИСУ;ПАО;7106002843;710601001;Агафонов Юрий Михайлович (Генеральный директор);MDM-612-000245421;нет;нет;АКЦИОНЕРНАЯ КОМПАНИЯ ЦЕНТРАЛЬНЫЙ НАУЧНО-ИССЛЕДОВАТЕЛЬСКИЙ ИНСТИТУТ СИСТЕМ УПРАВЛЕНИЯ;Юридическое лицо;нет
АКБ АБСОЛЮТ БАНК;ПАО;7736046991;770201001;Ушкова Татьяна Васильевна (ПРЕДСЕДАТЕЛЬ ПРАВЛЕНИЯ);MDM-612-000245407;нет;нет;АКЦИОНЕРНЫЙ КОММЕРЧЕСКИЙ БАНК АБСОЛЮТ БАНК;Юридическое лицо;нет
АЛМАЗ;ПАО;6825001831;682501001;Даценко Олег Валерьевич (ГЕНЕРАЛЬНЫЙ ДИРЕКТОР);MDM-A0F-000081536;нет;нет;АЛМАЗ;Юридическое лицо;нет
"АРХМОРТОРГПОРТ, ОАО АРХАНГЕЛЬСКИЙ МОРСКОЙ ТОРГОВЫЙ ПОРТ ИЛИ ОАО АМТП";ПАО;2900000134;290101001;Серебренников Владимир Геннадьевич (ГЕНЕРАЛЬНЫЙ ДИРЕКТОР);MDM-114-000621819;нет;нет;АРХАНГЕЛЬСКИЙ МОРСКОЙ ТОРГОВЫЙ ПОРТ;Юридическое лицо;нет
АСВТ;ПАО;7710030404;771501001;Федулова Ирина Вилисовна (Генеральный директор);MDM-612-000245381;нет;нет;АСВТ;Юридическое лицо;нет
АСЗ;ПАО;2703000015;270301001;Кулаков Владимир Викторович (ГЕНЕРАЛЬНЫЙ ДИРЕКТОР);MDM-612-000245411;нет;нет;АМУРСКИЙ СУДОСТРОИТЕЛЬНЫЙ ЗАВОД;Юридическое лицо;нет
АУДИНОР;ПАО;7708655279;770801001;Дикова Юлия Викторовна (ГЕНЕРАЛЬНЫЙ ДИРЕКТОР);MDM-612-000245409;нет;нет;АУДИНОР;Юридическое лицо;нет
АФК СИСТЕМА;ПАО;7703104630;770301001;Чирахов Владимир Санасарович (ПРЕЗИДЕНТ);MDM-612-000245402;нет;нет;АКЦИОНЕРНАЯ ФИНАНСОВАЯ КОРПОРАЦИЯ СИСТЕМА;Юридическое лицо;нет
АШИНСКИЙ МЕТЗАВОД;ПАО;7401000473;745701001;Мызгин Владимир Юрьевич (ГЕНЕРАЛЬНЫЙ ДИРЕКТОР);MDM-412-000225692;нет;нет;АШИНСКИЙ МЕТАЛЛУРГИЧЕСКИЙ ЗАВОД;Юридическое лицо;нет
АЭРОПОРТ КОЛЬЦОВО;ПАО;6608000446;668501001;;MDM-612-000245383;нет;нет;АЭРОПОРТ КОЛЬЦОВО;Юридическое лицо;нет
АЭРОФЛОТ;ПАО;7712040126;770401001;Савельев Виталий Геннадьевич (ГЕНЕРАЛЬНЫЙ ДИРЕКТОР);MDM-612-000245419;нет;нет;АЭРОФЛОТ-РОССИЙСКИЕ АВИАЛИНИИ;Юридическое лицо;нет
БАНК ВТБ;ПАО;7702070139;783501001;"Костин Андрей Леонидович (Президент, председатель правления)";MDM-412-000225697;нет;нет;БАНК ВТБ;Юридическое лицо;нет
БАНК ВТБ;ПАО;7702070139;783501001;Костин Андрей Леонидович (ПРЕЗИДЕНТ-ПРЕДСЕДАТЕЛЬ ПРАВЛЕНИЯ);MDM-713-000553323;нет;нет;БАНК ВТБ;Юридическое лицо;нет
БАНК ЗЕНИТ;ПАО;7729405872;772701001;Тищенко Александр Сергеевич (ПРЕДСЕДАТЕЛЬ ПРАВЛЕНИЯ);MDM-612-000245577;нет;нет;БАНК ЗЕНИТ;Юридическое лицо;нет
БАНК САНКТ-ПЕТЕРБУРГ;ПАО;7831000027;783501001;Савельев Александр Васильевич (ПРЕДСЕДАТЕЛЬ ПРАВЛЕНИЯ);MDM-512-000234291;нет;нет;БАНК САНКТ-ПЕТЕРБУРГ;Юридическое лицо;нет
БАНК УРАЛСИБ;ПАО;0274062111;770401001;Бобров Константин Александрович (ПРЕДСЕДАТЕЛЬ ПРАВЛЕНИЯ);MDM-813-000556369;нет;нет;БАНК УРАЛСИБ;Юридическое лицо;нет
БАНК ФК ОТКРЫТИЕ;ПАО;7706092528;770501001;Задорнов Михаил Михайлович (ПРЕЗИДЕНТ-ПРЕДСЕДАТЕЛЬ ПРАВЛЕНИЯ);MDM-412-000225691;нет;нет;БАНК ФИНАНСОВАЯ КОРПОРАЦИЯ ОТКРЫТИЕ;Юридическое лицо;нет
БЕЛОН;ПАО;5410102823;420201001;Харченко Владимир Федорович (ГЕНЕРАЛЬНЫЙ ДИРЕКТОР);MDM-612-000245385;нет;нет;БЕЛОН;Юридическое лицо;нет
БЛМЗ;ПАО;5001000027;500101001;Окроян Никогос Симонович (ГЕНЕРАЛЬНЫЙ ДИРЕКТОР);MDM-612-000245594;нет;нет;БАЛАШИХИНСКИЙ ЛИТЕЙНО-МЕХАНИЧЕСКИЙ ЗАВОД;Юридическое лицо;нет
"ВАРЯГ, ПАО ЗАВОД ВАРЯГ";ПАО;2539002756;253901001;Леонов Александр Евгеньевич (ГЕНЕРАЛЬНЫЙ ДИРЕКТОР);MDM-414-000756214;нет;нет;ВАРЯГ;Юридическое лицо;нет
ВАСО;ПАО;3650000959;366301001;;MDM-512-000234294;нет;нет;ВОРОНЕЖСКОЕ АКЦИОНЕРНОЕ САМОЛЕТОСТРОИТЕЛЬНОЕ ОБЩЕСТВО;Юридическое лицо;нет
ВЗРТО;ПАО;3443073324;344301001;;MDM-512-000234799;нет;нет;ВОЛГОГРАДСКИЙ ЗАВОД РАДИОТЕХНИЧЕСКОГО ОБОРУДОВАНИЯ;Юридическое лицо;нет
ВИЛС;ПАО;7731008209;773101001;Чечулин Дмитрий Михайлович (ГЕНЕРАЛЬНЫЙ ДИРЕКТОР);MDM-612-000245586;нет;нет;ВСЕРОССИЙСКИЙ ИНСТИТУТ ЛЕГКИХ СПЛАВОВ;Юридическое лицо;нет
ВКБР;ПАО;3328412561;332801001;Богданов Андрей Евгеньевич (генеральный директор);MDM-512-000234743;нет;нет;ВЛАДИМИРСКОЕ КОНСТРУКТОРСКОЕ БЮРО РАДИОСВЯЗИ;Юридическое лицо;нет
ВЛАДМОРРЫБПОРТ;ПАО;2537009770;253701001;Шевченко Александр Сергеевич (ГЕНЕРАЛЬНЫЙ ДИРЕКТОР);MDM-612-000245590;нет;нет;ВЛАДИВОСТОКСКИЙ МОРСКОЙ РЫБНЫЙ ПОРТ;Юридическое лицо;нет
ВМТП;ПАО;2504000204;254001001;Юсупов Заирбек Камильевич (ГЕНЕРАЛЬНЫЙ ДИРЕКТОР);MDM-612-000245379;нет;нет;ВЛАДИВОСТОКСКИЙ МОРСКОЙ ТОРГОВЫЙ ПОРТ;Юридическое лицо;нет
ВНИИКП;ПАО;7722002521;772201001;Мещанов Геннадий Иванович (Генеральный директор);MDM-713-000553302;нет;нет;"ВСЕРОССИЙСКИЙ НАУЧНО-ИССЛЕДОВАТЕЛЬСКИЙ, ПРОЕКТНО-КОНСТРУКТОРСКИЙ И ТЕХНОЛОГИЧЕСКИЙ ИНСТИТУТ КАБЕЛЬНОЙ ПРОМЫШЛЕННОСТИ";Юридическое лицо;нет
ВНИИР-ПРОГРЕСС;ПАО;2130094170;213001001;Литвиненко Павел Валерьевич (ГЕНЕРАЛЬНЫЙ ДИРЕКТОР);MDM-612-000245589;нет;нет;ВНИИР-ПРОГРЕСС;Юридическое лицо;нет
ВХЗ;ПАО;3302000669;332901001;Маркелов Павел Владимирович (ГЕНЕРАЛЬНЫЙ ДИРЕКТОР);MDM-612-000245380;нет;нет;ВЛАДИМИРСКИЙ ХИМИЧЕСКИЙ ЗАВОД;Юридическое лицо;нет
ВЫМПЕЛКОМ;ПАО;7713076301;771301001;Крупнов Александр Евгеньевич (ПРЕЗИДЕНТ);MDM-612-000245588;нет;нет;ВЫМПЕЛ-КОММУНИКАЦИИ;Юридическое лицо;нет
ВЭЛКОНТ;ПАО;4341009610;431201001;Обухов Сергей Борисович (ГЕНЕРАЛЬНЫЙ ДИРЕКТОР);MDM-612-000245595;нет;нет;ЭЛЕКТРОМАШИНОСТРОИТЕЛЬНЫЙ ЗАВОД ВЭЛКОНТ;Юридическое лицо;нет
ГАЗПРОМ;ПАО;7736050003;772801001;Миллер Алексей Борисович (Председатель правления);MDM-412-000225693;нет;нет;ГАЗПРОМ;Юридическое лицо;нет
ГАЗПРОМ;ПАО;7736050003;772801001;Миллер Алексей Борисович (ПРЕДСЕДАТЕЛЬ ПРАВЛЕНИЯ);MDM-713-000553268;нет;нет;ГАЗПРОМ;Юридическое лицо;нет
ГАЗПРОМ ГАЗОРАСПРЕДЕЛЕНИЕ НИЖНИЙ НОВГОРОД;ПАО;5200000102;526201001;Комиссаров Сергей Юрьевич (ГЕНЕРАЛЬНЫЙ ДИРЕКТОР);MDM-912-000282017;нет;нет;ГАЗПРОМ ГАЗОРАСПРЕДЕЛЕНИЕ НИЖНИЙ НОВГОРОД;Юридическое лицо;нет
ГАЗПРОМ НЕФТЬ;ПАО;5504036333;783801001;Дюков Александр Валерьевич (ГЕНЕРАЛЬНЫЙ ДИРЕКТОР);MDM-412-000225688;нет;нет;ГАЗПРОМ НЕФТЬ;Юридическое лицо;нет
ГАК ОБОРОНПРОМКОМПЛЕКС;ПАО;7706052300;770601001;Кушнир Геннадий Александрович (ГЕНЕРАЛЬНЫЙ ДИРЕКТОР);MDM-813-000560284;нет;нет;ГОСУДАРСТВЕННАЯ АКЦИОНЕРНАЯ КОМПАНИЯ ОБОРОНПРОМКОМПЛЕКС;Юридическое лицо;нет
ГАК ОБОРОНПРОМКОМПЛЕКС;ПАО;7706052300;770601001;Кушнир Геннадий Александрович (ВРЕМЕННО ИСПОЛНЯЮЩИЙ ОБЯЗАННОСТИ ГЕНЕРАЛЬНОГО ДИРЕКТОРА);MDM-713-000553266;нет;нет;ГОСУДАРСТВЕННАЯ АКЦИОНЕРНАЯ КОМПАНИЯ ОБОРОНПРОМКОМПЛЕКС;Юридическое лицо;нет
ГЗАС ИМ. А.С. ПОПОВА;ПАО;5257008145;525701001;Дряхлов Владимир Юрьевич (ГЕНЕРАЛЬНЫЙ ДИРЕКТОР);MDM-512-000234676;нет;нет;ГОРЬКОВСКИЙ ЗАВОД АППАРАТУРЫ СВЯЗИ ИМ. А.С. ПОПОВА;Юридическое лицо;нет
ГИДРОАВТОМАТИКА;ПАО;6319037140;631901001;Стройкин Дмитрий Николаевич (ГЕНЕРАЛЬНЫЙ ДИРЕКТОР);MDM-612-000245705;нет;нет;ГИДРОАВТОМАТИКА;Юридическое лицо;нет
ГИПРОНИИАВИАПРОМ;ПАО;7714013456;771401001;Андреев Евгений Викторович (ВРЕМЕННЫЙ ГЕНЕРАЛЬНЫЙ ДИРЕКТОР);MDM-512-000234667;нет;нет;ГОСУДАРСТВЕННЫЙ ПРОЕКТНО-КОНСТРУКТОРСКИЙ И НАУЧНО-ИССЛЕДОВАТЕЛЬСКИЙ ИНСТИТУТ АВИАЦИОННОЙ ПРОМЫШЛЕННОСТИ;Юридическое лицо;нет
ГМК НОРИЛЬСКИЙ НИКЕЛЬ;ПАО;8401005730;840101001;Потанин Владимир Олегович (ПРЕЗИДЕНТ);MDM-713-000553256;нет;нет;ГОРНО-МЕТАЛЛУРГИЧЕСКАЯ КОМПАНИЯ НОРИЛЬСКИЙ НИКЕЛЬ;Юридическое лицо;нет
ГПНИИ-5;ПАО;7814027163;781401001;Морозова Татьяна Олеговна (КОНКУРСНЫЙ УПРАВЛЯЮЩИЙ);MDM-612-000245704;нет;нет;ГОЛОВНОЙ ПРОЕКТНЫЙ НАУЧНО-ИССЛЕДОВАТЕЛЬСКИЙ ИНСТИТУТ-5;Юридическое лицо;нет
ГРАНИТ;ПАО;6152000817;616601001;Панасенко Валерий Викторович (ГЕНЕРАЛЬНЫЙ ДИРЕКТОР);MDM-512-000234295;нет;нет;ГРАНИТ;Юридическое лицо;нет
ГТЗ;ПАО;2625001932;262501001;Феслер Андрей Валерьевич (ГЕНЕРАЛЬНЫЙ ДИРЕКТОР);MDM-612-000245672;нет;нет;ГЕОРГИЕВСКИЙ ТРАНСФОРМАТОРНЫЙ ЗАВОД;Юридическое лицо;нет
ДНПП;ПАО;5008000322;500801001;Мартынов Олег Юрьевич (ГЕНЕРАЛЬНЫЙ ДИРЕКТОР);MDM-412-000225683;нет;нет;ДОЛГОПРУДНЕНСКОЕ НАУЧНО-ПРОИЗВОДСТВЕННОЕ ПРЕДПРИЯТИЕ;Юридическое лицо;нет
ДОЛЬТА;ПАО;7715352814;773101001;Вицуков Роман Вячеславович (ГЕНЕРАЛЬНЫЙ ДИРЕКТОР);MDM-612-000245527;нет;нет;ДОЛЬТА;Юридическое лицо;нет
ЕЗСК;ПАО;7113000847;711301001;Беликов Владимир Анатольевич (Генеральный директор);MDM-612-000245570;нет;нет;ЕФРЕМОВСКИЙ ЗАВОД СИНТЕТИЧЕСКОГО КАУЧУКА;Юридическое лицо;нет
ЕРЗ;ПАО;7706656608;667701001;Ежов Олег Александрович (ГЕНЕРАЛЬНЫЙ ДИРЕКТОР);MDM-612-000245384;нет;нет;ЕГОРШИНСКИЙ РАДИОЗАВОД;Юридическое лицо;нет
ЗАВОД АТЛАНТ;ПАО;2607000333;260701001;Данилов Валерий Дмитриевич (ГЕНЕРАЛЬНЫЙ ДИРЕКТОР);MDM-412-000225699;нет;нет;ЗАВОД АТЛАНТ;Юридическое лицо;нет
ЗАВОД ИСЕТЬ;ПАО;6666003380;661201001;Гайсин Малик Фавзавиевич (генеральный директор);MDM-612-000245554;нет;нет;УРАЛЬСКИЙ ЗАВОД ЭЛЕКТРИЧЕСКИХ СОЕДИНИТЕЛЕЙ ИСЕТЬ;Юридическое лицо;нет
ЗАВОД КРАСНОЕ ЗНАМЯ;ПАО;6229004711;622901001;Рощин Алексей Александрович (ГЕНЕРАЛЬНЫЙ ДИРЕКТОР);MDM-412-000225689;нет;нет;ЗАВОД КРАСНОЕ ЗНАМЯ;Юридическое лицо;нет
ЗАВОД КРАСНОЕ СОРМОВО;ПАО;5263006629;526301001;Першин Михаил Николаевич (ГЕНЕРАЛЬНЫЙ ДИРЕКТОР);MDM-612-000245572;нет;нет;ЗАВОД КРАСНОЕ СОРМОВО;Юридическое лицо;нет
ЗАВОД ЛАДОГА;ПАО;4706002374;470601001;Остряков Виктор Митрофанович (ГЕНЕРАЛЬНЫЙ ДИРЕКТОР);MDM-412-000225703;нет;нет;ЗАВОД ЛАДОГА;Юридическое лицо;нет
ЗАВОД ЛТП ОАО ЗАВОД ЛЕНТЕПЛОПРИБОР;ПАО;7802058706;780201001;Грасмик Ольга Петровна (ГЕНЕРАЛЬНЫЙ ДИРЕКТОР);MDM-713-000553220;нет;нет;ЗАВОД ЛЕНТЕПЛОПРИБОР;Юридическое лицо;нет
ЗАВОД РАДИОАППАРАТУРЫ;ПАО;6608000301;668501001;Иванов Александр Борисович (ГЕНЕРАЛЬНЫЙ ДИРЕКТОР);MDM-612-000245563;нет;нет;ЗАВОД РАДИОАППАРАТУРЫ;Юридическое лицо;нет
ЗАВОД РЕКОНД;ПАО;7802005951;780201001;Семенов Михаил Владленович (Генеральный директор);MDM-612-000245564;нет;нет;ЗАВОД РЕКОНД;Юридическое лицо;нет
ЗАВОД СТАРТ;ПАО;4506000010;450601001;Поспелов Сергей Николаевич (ГЕНЕРАЛЬНЫЙ ДИРЕКТОР);MDM-612-000245612;нет;нет;ЗАВОД СТАРТ;Юридическое лицо;нет
ЗАВОД ЭЛЕКТРОПРИБОР;ПАО;7723835854;772301001;Костомаров Виктор Анатольевич (ВНЕШНИЙ УПРАВЛЯЮЩИЙ);MDM-612-000245611;нет;нет;ЗАВОД ЭЛЕКТРОПРИБОР;Юридическое лицо;нет
ЗАВОД ЭЛЕКТРОСИГНАЛ;ПАО;5405262331;540501001;Горохов Вячеслав Михайлович (ГЕНЕРАЛЬНЫЙ ДИРЕКТОР);MDM-612-000245622;нет;нет;КОРПОРАЦИЯ-НОВОСИБИРСКИЙ ЗАВОД ЭЛЕКТРОСИГНАЛ;Юридическое лицо;нет
ЗАРЯД;ПАО;5321029586;532101001;Николаенко Анатолий Иванович (ГЕНЕРАЛЬНЫЙ ДИРЕКТОР);MDM-612-000245584;нет;нет;ЗАРЯД;Юридическое лицо;нет
ЗИД;ПАО;3305004083;330501001;Тменов Александр Владимирович (ГЕНЕРАЛЬНЫЙ ДИРЕКТОР);MDM-612-000245566;нет;нет;ЗАВОД ИМ. В.А. ДЕГТЯРЕВА;Юридическое лицо;нет
ЗИО-ПОДОЛЬСК;ПАО;5036040729;503601001;Смирнов Анатолий Михайлович (ГЕНЕРАЛЬНЫЙ ДИРЕКТОР);MDM-713-000553216;нет;нет;МАШИНОСТРОИТЕЛЬНЫЙ ЗАВОД ЗИО-ПОДОЛЬСК;Юридическое лицо;нет
ЗИО-ПОДОЛЬСК;ПАО;5036040729;503601001;Смирнов Анатолий Михайлович (Генеральный директор);MDM-412-000225690;нет;нет;МАШИНОСТРОИТЕЛЬНЫЙ ЗАВОД ЗИО-ПОДОЛЬСК;Юридическое лицо;нет
ЗИП;ПАО;5260900066;526001001;Упирвицкий Николай Евгеньевич (ГЕНЕРАЛЬНЫЙ ДИРЕКТОР);MDM-612-000245550;нет;нет;ЗАВОД ИМ. Г.И. ПЕТРОВСКОГО;Юридическое лицо;нет
ЗМЗ;ПАО;5248004137;524801001;Горевой Руслан Григорьевич (ГЕНЕРАЛЬНЫЙ ДИРЕКТОР);MDM-612-000245617;нет;нет;ЗАВОЛЖСКИЙ МОТОРНЫЙ ЗАВОД;Юридическое лицо;нет
ИЗБЕРБАШСКИЙ РАДИОЗАВОД ИМ. ПЛЕШАКОВА П. С.;ПАО;0548010566;054801001;Демерджев Андрей Владимирович (Конкурсный управляющий);MDM-612-000245646;нет;нет;ИЗБЕРБАШСКИЙ РАДИОЗАВОД ИМ. ПЛЕШАКОВА П.С.;Юридическое лицо;нет
ИЗМЕРИТЕЛЬ;ПАО;7726053870;772601001;Закирья Изет Нариманович (ГЕНЕРАЛЬНЫЙ ДИРЕКТОР);MDM-612-000245639;нет;нет;ИЗМЕРИТЕЛЬ;Юридическое лицо;нет
ИЗТС;ПАО;3731023288;370201001;Арбузникова Лариса Николаевна (ГЕНЕРАЛЬНЫЙ ДИРЕКТОР);MDM-612-000245644;нет;нет;ИВАНОВСКИЙ ЗАВОД ТЯЖЕЛОГО СТАНКОСТРОЕНИЯ;Юридическое лицо;нет
ИЛ;ПАО;7714027882;771401001;Ярковой Сергей Владимирович (ГЕНЕРАЛЬНЫЙ ДИРЕКТОР);MDM-412-000225669;нет;нет;АВИАЦИОННЫЙ КОМПЛЕКС ИМ. С.В. ИЛЬЮШИНА;Юридическое лицо;нет
ИМПУЛЬС ТЕХНОПАРК;ПАО;7717627408;771701001;;MDM-612-000245637;нет;нет;ИМПУЛЬС ТЕХНОПАРК;Юридическое лицо;нет
ИНТЕЛТЕХ;ПАО;7802030605;781401001;Николашин Юрий Львович (ГЕНЕРАЛЬНЫЙ ДИРЕКТОР);MDM-412-000225704;нет;нет;ИНФОРМАЦИОННЫЕ ТЕЛЕКОММУНИКАЦИОННЫЕ ТЕХНОЛОГИИ;Юридическое лицо;нет
ИНТЕР РАО;ПАО;2320109650;770401001;Ковальчук Борис Юрьевич (ГЕНЕРАЛЬНЫЙ ДИРЕКТОР);MDM-612-000245696;нет;нет;ИНТЕР РАО ЕЭС;Юридическое лицо;нет
ИНФОТЕКС;ПАО;7710013769;771401001;Чапчаев Андрей Анатольевич (ГЕНЕРАЛЬНЫЙ ДИРЕКТОР);MDM-713-000553197;нет;нет;ИНФОРМАЦИОННЫЕ ТЕХНОЛОГИИ И КОММУНИКАЦИОННЫЕ СИСТЕМЫ;Юридическое лицо;нет
ИНЭУМ ИМ. И.С. БРУКА;ПАО;7736005096;773601001;Ким Александр Киирович (ГЕНЕРАЛЬНЫЙ ДИРЕКТОР);MDM-612-000245712;нет;нет;ИНСТИТУТ ЭЛЕКТРОННЫХ УПРАВЛЯЮЩИХ МАШИН ИМ. И.С. БРУКА;Юридическое лицо;нет
КАДВИ;ПАО;4000000255;402801001;Галынский Евгений Николаевич (ГЕНЕРАЛЬНЫЙ ДИРЕКТОР);MDM-612-000245423;нет;нет;КАЛУЖСКИЙ ДВИГАТЕЛЬ;Юридическое лицо;нет
КАЗАНСКИЙ ВЕРТОЛЕТНЫЙ ЗАВОД;ПАО;1656002652;166101001;;MDM-612-000245551;нет;нет;КАЗАНСКИЙ ВЕРТОЛЕТНЫЙ ЗАВОД;Юридическое лицо;нет
КАЗАНСКИЙ ЗАВОД ЭЛЕКТРОПРИБОР;ПАО;1655064494;165501001;Шацких Павел Александрович (ГЕНЕРАЛЬНЫЙ ДИРЕКТОР);MDM-612-000245687;нет;нет;КАЗАНСКИЙ ЗАВОД ЭЛЕКТРОПРИБОР;Юридическое лицо;нет
КАМАЗ;ПАО;1650032058;165001001;Когогин Сергей Анатольевич (Генеральный директор);MDM-412-000225700;нет;нет;КАМАЗ;Юридическое лицо;нет
КАМАЗ;ПАО;1650032058;165001001;Когогин Сергей Анатольевич (ГЕНЕРАЛЬНЫЙ ДИРЕКТОР);MDM-713-000553184;нет;нет;КАМАЗ;Юридическое лицо;нет
КБ УБРИР;ПАО;6608008004;667101001;Соловьев Антон Юрьевич (ПРЕЗИДЕНТ);MDM-512-000232725;нет;нет;УРАЛЬСКИЙ БАНК РЕКОНСТРУКЦИИ И РАЗВИТИЯ;Юридическое лицо;нет
КБ ЦЕНТР-ИНВЕСТ;ПАО;6163011391;616301001;Симонова Лидия Николаевна (ПРЕДСЕДАТЕЛЬ ПРАВЛЕНИЯ);MDM-912-000281871;нет;нет;КОММЕРЧЕСКИЙ БАНК ЦЕНТР-ИНВЕСТ;Юридическое лицо;нет
КЗСК;ПАО;1659032038;165901001;Науменко Петр Павлович (Конкурсный управляющий);MDM-713-000553177;нет;нет;КАЗАНСКИЙ ЗАВОД СИНТЕТИЧЕСКОГО КАУЧУКА;Юридическое лицо;нет
КИРОВГИПРОЗЕМ;ПАО;4345064130;434501001;Созинов Олег Геннадьевич (ГЕНЕРАЛЬНЫЙ ДИРЕКТОР);MDM-612-000246107;нет;нет;"ИНСТИТУТ ТЕРРИТОРИАЛЬНОГО ПЛАНИРОВАНИЯ КИРОВСКОЕ АРХИТЕКТУРНОЕ,ЗЕМЛЕУСТРОИТЕЛЬНОЕ ПРОЕКТНО-ИЗЫСКАТЕЛЬСКОЕ ПРЕДПРИЯТИЕ";Юридическое лицо;нет
КИРОВСКИЙ ЗАВОД;ПАО;7805019279;780501001;Семененко Георгий Петрович (Генеральный директор);MDM-813-000556782;нет;нет;КИРОВСКИЙ ЗАВОД;Юридическое лицо;нет
КИРОВСКИЙ ЗАВОД МАЯК;ПАО;4345000947;434501001;Жилкин Виктор Николаевич (ГЕНЕРАЛЬНЫЙ ДИРЕКТОР);MDM-412-000225698;нет;нет;КИРОВСКИЙ ЗАВОД МАЯК;Юридическое лицо;нет
КЛИМОВСКИЙ АТК;ПАО;5074003982;507401001;;MDM-612-000246067;нет;нет;КЛИМОВСКИЙ АВТОТРАНСПОРТНЫЙ КОМБИНАТ;Юридическое лицо;нет
КМЗ;ПАО;7721024057;772101001;Заика Сергей Викторович (ГЕНЕРАЛЬНЫЙ ДИРЕКТОР);MDM-214-000645238;нет;нет;КАРАЧАРОВСКИЙ МЕХАНИЧЕСКИЙ ЗАВОД;Юридическое лицо;нет
КМЗ;ПАО;5024022965;502401001;Новиков Александр Валерьевич (ВРЕМЕННЫЙ ГЕНЕРАЛЬНЫЙ ДИРЕКТОР);MDM-612-000246090;нет;нет;КРАСНОГОРСКИЙ ЗАВОД ИМ. С.А. ЗВЕРЕВА;Юридическое лицо;нет
КОМПАНИЯ СУХОЙ;ПАО;7740000090;771401001;Тарасенко Илья Сергеевич (ГЕНЕРАЛЬНЫЙ ДИРЕКТОР);MDM-412-000225684;нет;нет;АВИАЦИОННАЯ ХОЛДИНГОВАЯ КОМПАНИЯ СУХОЙ;Юридическое лицо;нет
КОНТАКТ;ПАО;1901005239;190101001;Бочарова Людмила Ильинична (ГЕНЕРАЛЬНЫЙ ДИРЕКТОР);MDM-612-000245952;нет;нет;КОНТАКТ;Юридическое лицо;нет
КОНТУР;ПАО;4704062057;470401001;Люхов Николай Григорьевич (РУКОВОДИТЕЛЬ ЮРИДИЧЕСКОГО ЛИЦА);MDM-612-000245943;нет;нет;КОНТУР;Юридическое лицо;нет
КОНЦЕРН КЭМЗ;ПАО;0547003781;054701001;Ахматов Ибрагим Магомедович (ГЕНЕРАЛЬНЫЙ ДИРЕКТОР);MDM-612-000246070;нет;нет;КОНЦЕРН КИЗЛЯРСКИЙ ЭЛЕКТРОМЕХАНИЧЕСКИЙ ЗАВОД;Юридическое лицо;нет
КОРПОРАЦИЯ ВСМПО-АВИСМА;ПАО;6607000556;662301001;Кузюк Максим Вадимович (ИСПОЛНЯЮЩИЙ ОБЯЗАННОСТИ ГЕНЕРАЛЬНОГО ДИРЕКТОРА);MDM-612-000245394;нет;нет;КОРПОРАЦИЯ ВСМПО-АВИСМА;Юридическое лицо;нет
КОРПОРАЦИЯ ГЭС;ПАО;7724511490;772401001;Чернин Сергей Яковлевич (Генеральный директор);MDM-912-000281908;нет;нет;КОРПОРАЦИЯ ГАЗЭНЕРГОСТРОЙ;Юридическое лицо;нет
КОРПОРАЦИЯ ИРКУТ;ПАО;3807002509;771401001;Хакимов Равиль Рашидович (ГЕНЕРАЛЬНЫЙ ДИРЕКТОР);MDM-612-000245836;нет;нет;НАУЧНО-ПРОИЗВОДСТВЕННАЯ КОРПОРАЦИЯ ИРКУТ;Юридическое лицо;нет
КУВАНДЫКСКИЙ ЗАВОД КПО ДОЛИНА;ПАО;5605000830;560501001;Мингалеев Нигматулла Самигуллович (ГЕНЕРАЛЬНЫЙ ДИРЕКТОР);MDM-412-000225707;нет;нет;КУВАНДЫКСКИЙ ЗАВОД КУЗНЕЧНО-ПРЕССОВОГО ОБОРУДОВАНИЯ ДОЛИНА;Юридическое лицо;нет
КУМЗ;ПАО;6665002150;661201001;;MDM-612-000245675;нет;нет;КАМЕНСК-УРАЛЬСКИЙ МЕТАЛЛУРГИЧЕСКИЙ ЗАВОД;Юридическое лицо;нет
КУРГАНМАШЗАВОД;ПАО;4501008142;450101001;Баков Альберт Владимирович (Временно исполняющий обязанности генерального директора);MDM-612-000246065;нет;нет;КУРГАНСКИЙ МАШИНОСТРОИТЕЛЬНЫЙ ЗАВОД;Юридическое лицо;нет
КЭМЗ;ПАО;1323010103;132301001;Ташкин Виктор Иванович (ГЕНЕРАЛЬНЫЙ ДИРЕКТОР);MDM-412-000225674;нет;нет;КОВЫЛКИНСКИЙ ЭЛЕКТРОМЕХАНИЧЕСКИЙ ЗАВОД;Юридическое лицо;нет
ЛЕННИИПРОЕКТ;ПАО;7813054157;781301001;Груздев Юрий Павлович (Генеральный директор);MDM-612-000245908;нет;нет;НАУЧНО-ИССЛЕДОВАТЕЛЬСКИЙ И ПРОЕКТНЫЙ ИНСТИТУТ ПО ЖИЛИЩНО-ГРАЖДАНСКОМУ СТРОИТЕЛЬСТВУ - ЛЕННИИПРОЕКТ;Юридическое лицо;нет
ЛЕНПОЛИГРАФМАШ;ПАО;7813045025;781301001;Соусов Вячеслав Евгеньевич (Генеральный директор);MDM-612-000246052;нет;нет;ЛЕНПОЛИГРАФМАШ;Юридическое лицо;нет
ЛЕНЭНЕРГО;ПАО;7803002209;781001001;Рюмин Андрей Валерьевич (ГЕНЕРАЛЬНЫЙ ДИРЕКТОР);MDM-414-000753596;нет;нет;ЭНЕРГЕТИКИ И ЭЛЕКТРИФИКАЦИИ ЛЕНЭНЕРГО;Юридическое лицо;нет
ЛУКОЙЛ;ПАО;7708004767;770801001;Алекперов Вагит Юсуфович (ПРЕЗИДЕНТ);MDM-412-000225706;нет;нет;НЕФТЯНАЯ КОМПАНИЯ ЛУКОЙЛ;Юридическое лицо;нет
МАК ВЫМПЕЛ;ПАО;7714041693;773301001;Боев Сергей Федотович (ГЕНЕРАЛЬНЫЙ ДИРЕКТОР);MDM-512-000232300;нет;нет;МЕЖГОСУДАРСТВЕННАЯ АКЦИОНЕРНАЯ КОРПОРАЦИЯ ВЫМПЕЛ;Юридическое лицо;нет
МАНОТОМЬ;ПАО;7021000501;701701001;Метальников Андрей Юрьевич (ГЕНЕРАЛЬНЫЙ ДИРЕКТОР);MDM-612-000246039;нет;нет;МАНОТОМЬ;Юридическое лицо;нет
МАЦ;ПАО;7704269843;770401001;Довгий Владимир Иванович (ГЕНЕРАЛЬНЫЙ ДИРЕКТОР);MDM-612-000245349;нет;нет;МЕЖВЕДОМСТВЕННЫЙ АНАЛИТИЧЕСКИЙ ЦЕНТР;Юридическое лицо;нет
МГТС;ПАО;7710016640;770501001;Медведев Владислав Александрович (ГЕНЕРАЛЬНЫЙ ДИРЕКТОР);MDM-612-000246024;нет;нет;МОСКОВСКАЯ ГОРОДСКАЯ ТЕЛЕФОННАЯ СЕТЬ;Юридическое лицо;нет
МЕГАФОН;ПАО;7812014560;770701001;Вермишян Геворк Арутюнович (ГЕНЕРАЛЬНЫЙ ДИРЕКТОР);MDM-412-000225705;нет;нет;МЕГАФОН;Юридическое лицо;нет
МЗ АРСЕНАЛ;ПАО;7804040302;780401001;Устинов Александр Николаевич (ГЕНЕРАЛЬНЫЙ ДИРЕКТОР);MDM-612-000245393;нет;нет;МАШИНОСТРОИТЕЛЬНЫЙ ЗАВОД АРСЕНАЛ;Юридическое лицо;нет
МЗ МАЯК;ПАО;7719024042;771901001;Карпов Сергей Владимирович (ГЕНЕРАЛЬНЫЙ ДИРЕКТОР);MDM-414-000729429;нет;нет;МАШИНОСТРОИТЕЛЬНЫЙ ЗАВОД МАЯК;Юридическое лицо;нет
МЗ ПРОГРЕСС;ПАО;3016012550;301901001;Луканин Павел Вячеславович (Генеральный директор);MDM-412-000225680;нет;нет;МАШИНОСТРОИТЕЛЬНЫЙ ЗАВОД ПРОГРЕСС;Юридическое лицо;нет
МЗИК;ПАО;6663003800;668601001;Клейн Николай Владимирович (ГЕНЕРАЛЬНЫЙ ДИРЕКТОР);MDM-412-000225702;нет;нет;"МАШИНОСТРОИТЕЛЬНЫЙ ЗАВОД ИМЕНИ М.И.КАЛИНИНА, Г. ЕКАТЕРИНБУРГ";Юридическое лицо;нет
МИКРОН;ПАО;7735007358;773501001;Хасьянова Гюльнара Шамильевна (ГЕНЕРАЛЬНЫЙ ДИРЕКТОР);MDM-512-000234293;нет;нет;МИКРОН;Юридическое лицо;нет
МИНБАНК;ПАО;7725039953;772501001;Пожидаев Дмитрий Сергеевич (ПРЕДСЕДАТЕЛЬ ПРАВЛЕНИЯ);MDM-612-000246015;нет;нет;МОСКОВСКИЙ ИНДУСТРИАЛЬНЫЙ БАНК;Юридическое лицо;нет
МИЭА;ПАО;7714025469;771401001;Кузнецов Алексей Григорьевич (Генеральный директор);MDM-412-000225681;нет;нет;МОСКОВСКИЙ ИНСТИТУТ ЭЛЕКТРОМЕХАНИКИ И АВТОМАТИКИ;Юридическое лицо;нет
ММК;ПАО;7414003633;745501001;Шиляев Павел Владимирович (ГЕНЕРАЛЬНЫЙ ДИРЕКТОР);MDM-713-000553125;нет;нет;МАГНИТОГОРСКИЙ МЕТАЛЛУРГИЧЕСКИЙ КОМБИНАТ;Юридическое лицо;нет
МОРИОН;ПАО;5905000038;590501001;Бускин Виктор Владимирович (ГЕНЕРАЛЬНЫЙ ДИРЕКТОР);MDM-813-000557076;нет;нет;МОРИОН;Юридическое лицо;нет
МОСКОВСКАЯ ОБЪЕДИНЕННАЯ ЭЛЕКТРОСЕТЕВАЯ КОМПАНИЯ ПАО МОЭСК;ПАО;5036065113;772501001;Синютин Петр Алексеевич (ГЕНЕРАЛЬНЫЙ ДИРЕКТОР);MDM-412-000225670;нет;нет;МОСКОВСКАЯ ОБЪЕДИНЕННАЯ ЭЛЕКТРОСЕТЕВАЯ КОМПАНИЯ;Юридическое лицо;нет
МОСЭНЕРГО;ПАО;7705035012;772901001;;MDM-612-000245391;нет;нет;ЭНЕРГЕТИКИ И ЭЛЕКТРИФИКАЦИИ МОСЭНЕРГО;Юридическое лицо;нет
МПОВТИ;ПАО;7715023023;771501001;Максимов Николай Николаевич (Генеральный директор);MDM-114-000621934;нет;нет;МОСКОВСКОЕ ПРОИЗВОДСТВЕННОЕ ОБЪЕДИНЕНИЕ ВЫЧИСЛИТЕЛЬНОЙ ТЕХНИКИ И ИНФОРМАТИКИ;Юридическое лицо;нет
МРСК ЦЕНТРА И ПРИВОЛЖЬЯ;ПАО;5260200603;526001001;Шавин Олег Борисович;MDM-713-000553113;нет;нет;МЕЖРЕГИОНАЛЬНАЯ РАСПРЕДЕЛИТЕЛЬНАЯ СЕТЕВАЯ КОМПАНИЯ ЦЕНТРА И ПРИВОЛЖЬЯ;Юридическое лицо;нет
МСТАТОР;ПАО;5320002221;532001001;Павлов Сергей Владимирович (ГЕНЕРАЛЬНЫЙ ДИРЕКТОР);MDM-713-000553112;нет;нет;МСТАТОР;Юридическое лицо;нет
МТС;ПАО;7740000076;770901001;Корня Алексей Валерьевич (ПРЕЗИДЕНТ);MDM-412-000225668;нет;нет;МОБИЛЬНЫЕ ТЕЛЕСИСТЕМЫ;Юридическое лицо;нет
МУРОМТЕПЛОВОЗ;ПАО;3307001169;333401001;Третьяков Евгений Иванович (ГЕНЕРАЛЬНЫЙ ДИРЕКТОР);MDM-612-000245913;нет;нет;МУРОМТЕПЛОВОЗ;Юридическое лицо;нет
МФЦ;ПАО;7729138539;770601001;Коврига Алексей Алексеевич (КОНКУРСНЫЙ УПРАВЛЯЮЩИЙ);MDM-512-000234319;нет;нет;МОСКОВСКИЙ ФОНДОВЫЙ ЦЕНТР;Юридическое лицо;нет
НЕВСКОЕ ПКБ;ПАО;7801074335;780101001;Орлов Сергей Владиславович (ГЕНЕРАЛЬНЫЙ ДИРЕКТОР);MDM-114-000621759;нет;нет;НЕВСКОЕ ПРОЕКТНО-КОНСТРУКТОРСКОЕ БЮРО;Юридическое лицо;нет
НЗХК;ПАО;5410114184;541001001;Жиганин Алексей Владимирович (ГЕНЕРАЛЬНЫЙ ДИРЕКТОР);MDM-612-000245827;нет;нет;НОВОСИБИРСКИЙ ЗАВОД ХИМКОНЦЕНТРАТОВ;Юридическое лицо;нет
НИАТ;ПАО;7707028980;770701001;Попов Андрей Васильевич (ГЕНЕРАЛЬНЫЙ ДИРЕКТОР);MDM-612-000245755;нет;нет;НАЦИОНАЛЬНЫЙ ИНСТИТУТ АВИАЦИОННЫХ ТЕХНОЛОГИЙ;Юридическое лицо;нет
НИИ ЭКОНОМИКИ;ПАО;7708025340;770501001;Круглов Андрей Александрович (ГЕНЕРАЛЬНЫЙ ДИРЕКТОР);MDM-612-000245869;нет;нет;НАУЧНО-ИССЛЕДОВАТЕЛЬСКИЙ ИНСТИТУТ ЭКОНОМИКИ АВИАЦИОННОЙ ПРОМЫШЛЕННОСТИ;Юридическое лицо;нет
НИИАТ;ПАО;7733563381;773301001;Кузнецова Татьяна Васильевна (ГЛАВНЫЙ БУХГАЛТЕР);MDM-713-000553098;нет;нет;НАУЧНО-ИССЛЕДОВАТЕЛЬСКИЙ ИНСТИТУТ АВТОМОБИЛЬНОГО ТРАНСПОРТА;Юридическое лицо;нет
НИПТИЭМ;ПАО;3328100040;332801001;Скитович Светлана Вадимовна (ГЕНЕРАЛЬНЫЙ ДИРЕКТОР);MDM-612-000245847;нет;нет;НАУЧНО-ИССЛЕДОВАТЕЛЬСКИЙ ПРОЕКТНО-КОНСТРУКТОРСКИЙ И ТЕХНОЛОГИЧЕСКИЙ ИНСТИТУТ ЭЛЕКТРОМАШИНОСТРОЕНИЯ;Юридическое лицо;нет
НИТЕЛ;ПАО;5261001745;526101001;Самойлов Сергей Борисович (ГЕНЕРАЛЬНЫЙ ДИРЕКТОР);MDM-612-000245864;нет;нет;НИЖЕГОРОДСКИЙ ТЕЛЕВИЗИОННЫЙ ЗАВОД ИМ. В. И. ЛЕНИНА;Юридическое лицо;нет
НК РОСНЕФТЬ;ПАО;7706107510;770601001;Сечин Игорь Иванович (ГЛАВНЫЙ ИСПОЛНИТЕЛЬНЫЙ ДИРЕКТОР);MDM-512-000232545;нет;нет;НЕФТЯНАЯ КОМПАНИЯ РОСНЕФТЬ;Юридическое лицо;нет
НМЗ ИМ. КУЗЬМИНА;ПАО;5404161429;540401001;;MDM-714-000832544;нет;нет;НОВОСИБИРСКИЙ МЕТАЛЛУРГИЧЕСКИЙ ЗАВОД ИМ. КУЗЬМИНА;Юридическое лицо;нет
НМТП;ПАО;2315004404;231501001;Киреев Сергей Георгиевич (ГЕНЕРАЛЬНЫЙ ДИРЕКТОР);MDM-612-000245350;нет;нет;НОВОРОССИЙСКИЙ МОРСКОЙ ТОРГОВЫЙ ПОРТ;Юридическое лицо;нет
НПК НИИДАР;ПАО;7718016698;771301001;Макаров Кирилл Владимирович (ГЕНЕРАЛЬНЫЙ ДИРЕКТОР);MDM-612-000245807;нет;нет;НАУЧНО-ПРОИЗВОДСТВЕННЫЙ КОМПЛЕКС НАУЧНО-ИССЛЕДОВАТЕЛЬСКИЙ ИНСТИТУТ ДАЛЬНЕЙ РАДИОСВЯЗИ;Юридическое лицо;нет
НПО АЛМАЗ;ПАО;7712040285;774301001;Бендерский Геннадий Петрович (ГЕНЕРАЛЬНЫЙ ДИРЕКТОР);MDM-512-000231101;нет;нет;НАУЧНО-ПРОИЗВОДСТВЕННОЕ ОБЪЕДИНЕНИЕ АЛМАЗ ИМЕНИ АКАДЕМИКА А.А.РАСПЛЕТИНА;Юридическое лицо;нет
НПО ИСКРА;ПАО;5907001774;590701001;Шатров Владимир Борисович (Генеральный директор);MDM-612-000245717;нет;нет;НАУЧНО-ПРОИЗВОДСТВЕННОЕ ОБЪЕДИНЕНИЕ ИСКРА;Юридическое лицо;нет
НПО НАУКА;ПАО;7714005350;771401001;Меркулов Евгений Владиславович (ГЕНЕРАЛЬНЫЙ ДИРЕКТОР);MDM-912-000282019;нет;нет;НАУЧНО-ПРОИЗВОДСТВЕННОЕ ОБЪЕДИНЕНИЕ НАУКА;Юридическое лицо;нет
НПО ПРИБОР;ПАО;5030004940;503001001;Яцков Евгений Николаевич (генеральный директор);MDM-612-000245823;нет;нет;НАУЧНО-ПРОИЗВОДСТВЕННОЕ ОБЪЕДИНЕНИЕ ПРИБОР;Юридическое лицо;нет
НПО СТРЕЛА;ПАО;7103028233;710301001;Чапкин Вячеслав Вячеславович (ГЕНЕРАЛЬНЫЙ ДИРЕКТОР);MDM-412-000225667;нет;нет;НАУЧНО-ПРОИЗВОДСТВЕННОЕ ОБЪЕДИНЕНИЕ СТРЕЛА;Юридическое лицо;нет
НПО ТРАНСКОМСОФТ;ПАО;5010032265;501001001;Кулик Николай Владимирович (ГЕНЕРАЛЬНЫЙ ДИРЕКТОР);MDM-612-000245365;нет;нет;НАУЧНО-ПРОИЗВОДСТВЕННОЕ ОБЪЕДИНЕНИЕ ТРАНСКОМСОФТ;Юридическое лицо;нет
НПО ЦКТИ;ПАО;7825660956;784201001;Михайлов Владимир Евгеньевич (Генеральный директор);MDM-713-000553066;нет;нет;НАУЧНО-ПРОИЗВОДСТВЕННОЕ ОБЪЕДИНЕНИЕ ПО ИССЛЕДОВАНИЮ И ПРОЕКТИРОВАНИЮ ЭНЕРГЕТИЧЕСКОГО ОБОРУДОВАНИЯ ИМ.И.И. ПОЛЗУНОВА;Юридическое лицо;нет
НПП АЭРОСИЛА;ПАО;5045002261;504501001;Сухоросов Сергей Юрьевич (ГЕНЕРАЛЬНЫЙ ДИРЕКТОР);MDM-714-000837804;нет;нет;НАУЧНО-ПРОИЗВОДСТВЕННОЕ ПРЕДПРИЯТИЕ АЭРОСИЛА;Юридическое лицо;нет
НПП ИМПУЛЬС;ПАО;7717022177;771701001;Черняховский Евгений Михайлович (ГЕНЕРАЛЬНЫЙ ДИРЕКТОР);MDM-412-000225686;нет;нет;НАУЧНО-ПРОИЗВОДСТВЕННОЕ ПРЕДПРИЯТИЕ ИМПУЛЬС;Юридическое лицо;нет
НПП ПОЛИГОН;ПАО;0274013026;027501001;Селиванец Игорь Васильевич (ГЕНЕРАЛЬНЫЙ ДИРЕКТОР);MDM-512-000233087;нет;нет;НАУЧНО-ПРОИЗВОДСТВЕННОЕ ПРЕДПРИЯТИЕ ПОЛИГОН;Юридическое лицо;нет
НПП ХИММАШ-СТАРТ;ПАО;5836615711;583601001;Сундуков Евгений Александрович (ГЕНЕРАЛЬНЫЙ ДИРЕКТОР);MDM-612-000245382;нет;нет;НАУЧНО-ПРОИЗВОДСТВЕННОЕ ПРЕДПРИЯТИЕ ХИММАШ-СТАРТ;Юридическое лицо;нет
НПП ЭРГОЦЕНТР;ПАО;6952013300;695201001;Глушков Игорь Николаевич (ГЕНЕРАЛЬНЫЙ ДИРЕКТОР);MDM-612-000245398;нет;нет;НАУЧНО-ПРОИЗВОДСТВЕННОЕ ПРЕДПРИЯТИЕ МЕЖОТРАСЛЕВОЙ ЦЕНТР ЭРГОНОМИЧЕСКИХ ИССЛЕДОВАНИЙ И РАЗРАБОТОК;Юридическое лицо;нет
ОАК;ПАО;7708619320;770501001;Слюсарь Юрий Борисович (ГЕНЕРАЛЬНЫЙ ДИРЕКТОР);MDM-412-000225672;нет;нет;ОБЪЕДИНЕННАЯ АВИАСТРОИТЕЛЬНАЯ КОРПОРАЦИЯ;Юридическое лицо;нет
ОДК-САТУРН;ПАО;7610052644;761001001;Шмотин Ю.Н.;MDM-713-000553035;нет;нет;ОДК-САТУРН;Юридическое лицо;нет
ОКБ ИМ. А.И. МИКОЯНА;ПАО;7727262837;772701001;Новиков Валерий Викторович (Руководитель юридического лица);MDM-612-000245793;нет;нет;ОПЫТНО-КОНСТРУКТОРСКОЕ БЮРО ИМ. А.И. МИКОЯНА;Юридическое лицо;нет
ОКБ ИМ. А.С. ЯКОВЛЕВА;ПАО;7714039849;771401001;Демченко Олег Федорович (Генеральный директор - Генеральный конструктор);MDM-114-000621844;нет;нет;ОПЫТНО-КОНСТРУКТОРСКОЕ БЮРО ИМ. А.С. ЯКОВЛЕВА;Юридическое лицо;нет
ОМЗ;ПАО;6663059899;770501001;Воробьев Дмитрий Борисович (ГЕНЕРАЛЬНЫЙ ДИРЕКТОР);MDM-412-000225671;нет;нет;ОБЪЕДИНЕННЫЕ МАШИНОСТРОИТЕЛЬНЫЕ ЗАВОДЫ (ГРУППА УРАЛМАШ-ИЖОРА);Юридическое лицо;нет
ОМПО РАДИОЗАВОД ИМ. А.С. ПОПОВА (РЕЛЕРО);ПАО;5508000095;550401001;Аршинин Андрей Михайлович (ГЕНЕРАЛЬНЫЙ ДИРЕКТОР);MDM-512-000232531;нет;нет;ОМСКОЕ ПРОИЗВОДСТВЕННОЕ ОБЪЕДИНЕНИЕ РАДИОЗАВОД ИМЕНИ А.С. ПОПОВА (РЕЛЕРО);Юридическое лицо;нет
ОТМ;ПАО;5701000047;575101001;;MDM-412-000225687;нет;нет;ОРЕЛТЕКМАШ;Юридическое лицо;нет
ОТМ;ПАО;5701000047;575101001;;MDM-713-000553014;нет;нет;ОРЕЛТЕКМАШ;Юридическое лицо;нет
ОФК БАНК;ПАО;7744001419;770901001;Королёв Григорий Евгеньевич (ПРЕДСТАВИТЕЛЬ КОНКУРСНОГО УПРАВЛЯЮЩЕГО);MDM-612-000245775;нет;нет;БАНК ОБЪЕДИНЕННЫЙ ФИНАНСОВЫЙ КАПИТАЛ;Юридическое лицо;нет
ПЕЛЛА;ПАО;4706000296;470601001;Цатуров Герберт Робертович (ГЕНЕРАЛЬНЫЙ ДИРЕКТОР);MDM-512-000232326;нет;нет;ЛЕНИНГРАДСКИЙ СУДОСТРОИТЕЛЬНЫЙ ЗАВОД ПЕЛЛА;Юридическое лицо;нет
ПЗ СИГНАЛ;ПАО;4025019280;402501001;Орлов Сергей Александрович (ГЕНЕРАЛЬНЫЙ ДИРЕКТОР);MDM-612-000245344;нет;нет;ПРИБОРНЫЙ ЗАВОД СИГНАЛ;Юридическое лицо;нет
ПИИ ВТ ДАЛЬАЭРОПРОЕКТ;ПАО;2721159217;272101001;Ющенко Михаил Владимирович (ГЕНЕРАЛЬНЫЙ ДИРЕКТОР);MDM-612-000245653;нет;нет;ПРОЕКТНО-ИЗЫСКАТЕЛЬСКИЙ ИНСТИТУТ ВОЗДУШНОГО ТРАНСПОРТА ДАЛЬАЭРОПРОЕКТ;Юридическое лицо;нет
ПИРОМЕТР;ПАО;7813045057;781301001;Бакшеев Валерий Валентинович (ГЕНЕРАЛЬНЫЙ ДИРЕКТОР);MDM-612-000245731;нет;нет;ПИРОМЕТР;Юридическое лицо;нет
ПМЗР;ПАО;7734034454;773401001;Лицарева Татьяна Владимировна (ГЕНЕРАЛЬНЫЙ ДИРЕКТОР);MDM-512-000233505;нет;нет;ПЕРВЫЙ МОСКОВСКИЙ ЗАВОД РАДИОДЕТАЛЕЙ;Юридическое лицо;нет
ПНППК;ПАО;5904000395;590401001;Андреев Алексей Гурьевич (ГЕНЕРАЛЬНЫЙ ДИРЕКТОР);MDM-712-000252067;нет;нет;ПЕРМСКАЯ НАУЧНО-ПРОИЗВОДСТВЕННАЯ ПРИБОРОСТРОИТЕЛЬНАЯ КОМПАНИЯ;Юридическое лицо;нет
ПО ВТ И СА;ПАО;7726260594;772601001;Янчевский Игорь Вадимович (Директор);MDM-512-000234685;нет;нет;ПРОИЗВОДСТВЕННОЕ ОБЪЕДИНЕНИЕ ВЫЧИСЛИТЕЛЬНАЯ ТЕХНИКА И СРЕДСТВА АВТОМАТИЗАЦИИ;Юридическое лицо;нет
ПОЖТЕХНИКА;ПАО;6915000938;691501001;Фортуна Андрей Васильевич (Генеральный директор);MDM-612-000245748;нет;нет;ПОЖТЕХНИКА;Юридическое лицо;нет
ПРИБОР РСТ;ПАО;3305053108;330501001;Чурзин Денис Александрович (ГЕНЕРАЛЬНЫЙ ДИРЕКТОР);MDM-612-000245725;нет;нет;ПРИБОР РСТ;Юридическое лицо;нет
ПРОЛЕТАРСКИЙ ЗАВОД;ПАО;7811039386;781101001;Исполов Михаил Викторович (ГЕНЕРАЛЬНЫЙ ДИРЕКТОР);MDM-612-000245720;нет;нет;ПРОЛЕТАРСКИЙ ЗАВОД;Юридическое лицо;нет
ПРОМПОСТАВКА;ПАО;5046057591;775101001;Костюнин Александр Валерьевич (КОНКУРСНЫЙ УПРАВЛЯЮЩИЙ);MDM-612-000245721;нет;нет;ПРОМПОСТАВКА;Юридическое лицо;нет
ПРОМСВЯЗЬБАНК;ПАО;7744000912;772201001;Фрадков Петр Михайлович (ПРЕДСЕДАТЕЛЬ);MDM-713-000552982;нет;нет;ПРОМСВЯЗЬБАНК;Юридическое лицо;нет
ПРОТОН-ПМ;ПАО;5904006044;590401001;Арбузов И.А.;MDM-612-000245722;нет;нет;ПРОТОН-ПЕРМСКИЕ МОТОРЫ;Юридическое лицо;нет
ПСМ;ПАО;6608000453;668501001;Жарков Станислав Евгеньевич (ГЕНЕРАЛЬНЫЙ ДИРЕКТОР);MDM-612-000245760;нет;нет;ПНЕВМОСТРОЙМАШИНА;Юридическое лицо;нет
ПТЗ ТЕЛТА;ПАО;5902250015;770201001;Морозов Игорь Валентинович (ГЕНЕРАЛЬНЫЙ ДИРЕКТОР);MDM-612-000245761;нет;нет;ПЕРМСКИЙ ТЕЛЕФОННЫЙ ЗАВОД ТЕЛТА;Юридическое лицо;нет
РАДИОДЕТАЛЬ;ПАО;1308038496;130801001;Казеев Александр Александрович (ГЕНЕРАЛЬНЫЙ ДИРЕКТОР);MDM-612-000245500;нет;нет;РАДИОДЕТАЛЬ;Юридическое лицо;нет
РАДИОФИЗИКА;ПАО;7733022671;773301001;Левитан Борис Аркадьевич (ГЕНЕРАЛЬНЫЙ ДИРЕКТОР);MDM-713-000552974;нет;нет;РАДИОФИЗИКА;Юридическое лицо;нет
РАТЕП;ПАО;5043000212;507701001;Изгутдинов Марат Сафаргалеевич (Генеральный директор);MDM-612-000245347;нет;нет;РАТЕП;Юридическое лицо;нет
РЕЗИСТОР;ПАО;3231007030;323101001;Кондратенко Елена Вячеславовна (Генеральный директор);MDM-A0F-000081632;нет;нет;РЕЗИСТОР;Юридическое лицо;нет
РЖД;ПАО;7708503727;770801001;Белозёров Олег Валентинович (ГЕНЕРАЛЬНЫЙ ДИРЕКТОР-ПРЕДСЕДАТЕЛЬ ПРАВЛЕНИЯ);MDM-713-000552966;нет;нет;РОССИЙСКИЕ ЖЕЛЕЗНЫЕ ДОРОГИ;Юридическое лицо;нет
РИКОР ЭЛЕКТРОНИКС;ПАО;5243001622;524301001;Шперлинг Андрей Васильевич (ГЕНЕРАЛЬНЫЙ ДИРЕКТОР);MDM-A0F-000081634;нет;нет;РИКОР ЭЛЕКТРОНИКС;Юридическое лицо;нет
РИЦ;ПАО;6670416372;667001001;Меркушев Алексей Геннадьевич (ГЕНЕРАЛЬНЫЙ ДИРЕКТОР);MDM-612-000245497;нет;нет;РЕГИОНАЛЬНЫЙ ИНЖИНИРИНГОВЫЙ ЦЕНТР;Юридическое лицо;нет
РКК ЭНЕРГИЯ;ПАО;5018033937;501801001;Озар Игорь Яковлевич (ВРЕИО (ГЕНЕРАЛЬНЫЙ ДИРЕКТОР));MDM-813-000557621;нет;нет;РАКЕТНО-КОСМИЧЕСКАЯ КОРПОРАЦИЯ ЭНЕРГИЯ ИМЕНИ С.П.КОРОЛЁВА;Юридическое лицо;нет
РОСБАНК;ПАО;7730060164;770801001;Поляков Илья Андреевич (ПРЕДСЕДАТЕЛЬ ПРАВЛЕНИЯ);MDM-512-000232620;нет;нет;РОСБАНК;Юридическое лицо;нет
РОССЕТИ;ПАО;7728662669;773101001;Ливинский Павел Анатольевич (ГЕНЕРАЛЬНЫЙ ДИРЕКТОР);MDM-714-000832572;нет;нет;РОССИЙСКИЕ СЕТИ;Юридическое лицо;нет
РОСТВЕРТОЛ;ПАО;6161021690;616101001;;MDM-412-000225708;нет;нет;РОСТОВСКИЙ ВЕРТОЛЕТНЫЙ ПРОИЗВОДСТВЕННЫЙ КОМПЛЕКС ПАО РОСТВЕРТОЛ ИМЕНИ Б.Н.СЛЮСАРЯ;Юридическое лицо;нет
РОСТЕЛЕКОМ;ПАО;7707049388;784001001;Осеевский Михаил Эдуардович (ПРЕЗИДЕНТ);MDM-713-000552955;нет;нет;РОСТЕЛЕКОМ;Юридическое лицо;нет
РУМО;ПАО;5258000068;525801001;Анисимов Илья Николаевич (Внешний управляющий);MDM-612-000245519;нет;нет;РУМО;Юридическое лицо;нет
САЛЮТ;ПАО;6313034986;631301001;Гусаров Сергей Николаевич (ГЕНЕРАЛЬНЫЙ ДИРЕКТОР);MDM-412-000225709;нет;нет;САЛЮТ;Юридическое лицо;нет
САСТА;ПАО;6232000019;623201001;Шаталов Виктор Иванович (ВРЕМЕННЫЙ ГЕНЕРАЛЬНЫЙ ДИРЕКТОР);MDM-612-000245482;нет;нет;САСТА;Юридическое лицо;нет
САТУРН;ПАО;5508000955;550401001;Мирошниченко Анатолий Михайлович (Генеральный директор);MDM-412-000225701;нет;нет;САТУРН;Юридическое лицо;нет
СБЕРБАНК;ПАО;7707083893;773601001;"Греф Герман Оскарович (ПРЕЗИДЕНТ, ПРЕДСЕДАТЕЛЬ ПРАВЛЕНИЯ)";MDM-713-000552946;нет;нет;СБЕРБАНК РОССИИ;Юридическое лицо;нет
СВЕТЛАНА;ПАО;7802001308;780201001;Гладков Никита Юрьевич (ГЕНЕРАЛЬНЫЙ ДИРЕКТОР);MDM-612-000245477;нет;нет;СВЕТЛАНА;Юридическое лицо;нет
СДМ-БАНК;ПАО;7733043350;773301001;Солнцев Максим Михайлович (ПРЕДСЕДАТЕЛЬ ПРАВЛЕНИЯ);MDM-714-000835061;нет;нет;СДМ-БАНК;Юридическое лицо;нет
СЕВЕРСТАЛЬ;ПАО;3528000597;352801001;;MDM-713-000552943;нет;нет;СЕВЕРСТАЛЬ;Юридическое лицо;нет
СЕВЕРСТАЛЬ-МЕТИЗ;ПАО;3528090760;352801001;;MDM-612-000245352;нет;нет;СЕВЕРСТАЛЬ-МЕТИЗ;Юридическое лицо;нет
СЕРВИС-СПЕЦТЕХНИКА;ПАО;6829038600;682901001;Болотин Юрий Анатольевич (ГЕНЕРАЛЬНЫЙ ДИРЕКТОР);MDM-612-000245369;нет;нет;СЕРВИС-СПЕЦТЕХНИКА;Юридическое лицо;нет
СЗ СЕВЕРНАЯ ВЕРФЬ;ПАО;7805034277;780501001;Пономарев Игорь Борисович (ГЕНЕРАЛЬНЫЙ ДИРЕКТОР);MDM-612-000245486;нет;нет;СУДОСТРОИТЕЛЬНЫЙ ЗАВОД СЕВЕРНАЯ ВЕРФЬ;Юридическое лицо;нет
СИБЭКСПОЦЕНТР;ПАО;3807003527;381101001;Шаповалов Андрей Геннадьевич (ГЕНЕРАЛЬНЫЙ ДИРЕКТОР);MDM-612-000245415;нет;нет;СИБЭКСПОЦЕНТР;Юридическое лицо;нет
СК РОСГОССТРАХ;ПАО;7707067683;502701001;Никишаев Виталий Дмитриевич (ГЛАВНЫЙ УПРАВЛЯЮЩИЙ ДИРЕКТОР);MDM-412-000225685;нет;нет;СТРАХОВАЯ КОМПАНИЯ РОСГОССТРАХ;Юридическое лицо;нет
СКБ ИС;ПАО;7804144076;780401001;Синоженко Владимир Трифонович (ГЕНЕРАЛЬНЫЙ ДИРЕКТОР);MDM-612-000245368;нет;нет;СПЕЦИАЛЬНОЕ КОНСТРУКТОРСКОЕ БЮРО СТАНОЧНЫХ ИНФОРМАЦИОННО-ИЗМЕРИТЕЛЬНЫХ СИСТЕМ С ОПЫТНЫМ ПРОИЗВОДСТВОМ;Юридическое лицо;нет
СКБ-БАНК;ПАО;6608003052;668501001;Репников Денис Петрович (ПРЕДСЕДАТЕЛЬ ПРАВЛЕНИЯ БАНКА);MDM-612-000245376;нет;нет;АКЦИОНЕРНЫЙ КОММЕРЧЕСКИЙ БАНК СОДЕЙСТВИЯ КОММЕРЦИИ И БИЗНЕСУ;Юридическое лицо;нет
СМОЛЕНСКИЙ ЗАВОД РАДИОДЕТАЛЕЙ;ПАО;6731017748;673101001;Шепелев Анатолий Васильевич (ВРЕМЕННЫЙ ГЕНЕРАЛЬНЫЙ ДИРЕКТОР);MDM-612-000245373;нет;нет;СМОЛЕНСКИЙ ЗАВОД РАДИОДЕТАЛЕЙ;Юридическое лицо;нет
СОЛЛЕРС;ПАО;3528079131;770301001;Соболев Николай Александрович (ГЕНЕРАЛЬНЫЙ ДИРЕКТОР);MDM-612-000245372;нет;нет;СОЛЛЕРС;Юридическое лицо;нет
СОМЗ;ПАО;5951000096;595101001;Колчанов Иван Александрович (ГЕНЕРАЛЬНЫЙ ДИРЕКТОР);MDM-514-000775406;нет;нет;СУКСУНСКИЙ ОПТИКО-МЕХАНИЧЕСКИЙ ЗАВОД;Юридическое лицо;нет
СОСНОВСКИЙ СУДОСТРОИТЕЛЬНЫЙ ЗАВОД;ПАО;7706633833;430701001;Вахнин Михаил Генадиевич (КОНКУРСНЫЙ УПРАВЛЯЮЩИЙ);MDM-813-000556545;нет;нет;СОСНОВСКИЙ СУДОСТРОИТЕЛЬНЫЙ ЗАВОД;Юридическое лицо;нет
СОЮЗ ПРОМЫШЛЕННОСТИ РОСПРОМ;ПАО;7719276949;771001001;Виноградов Михаил Александрович (Руководитель юридического лица);MDM-912-000282146;нет;нет;СОЮЗ ПРОМЫШЛЕННОСТИ РОСПРОМ;Юридическое лицо;нет
СПАО ИНГОССТРАХ;ПАО;7705042179;770501001;Соколов Константин Борисович (ГЕНЕРАЛЬНЫЙ ДИРЕКТОР);MDM-612-000245633;нет;нет;СТРАХОВОЕ ПУБЛИЧНОЕ АКЦИОНЕРНОЕ ОБЩЕСТВО ИНГОССТРАХ;Юридическое лицо;нет
СПЕЦМАШ;ПАО;7810083985;781001001;Невирович Игорь Станиславович (Генеральный директор);MDM-612-000245339;нет;нет;СПЕЦМАШ;Юридическое лицо;нет
ССК;ПАО;5260100856;524801001;Савин Дмитрий Сергеевич (ГЕНЕРАЛЬНЫЙ ДИРЕКТОР);MDM-713-000552913;нет;нет;СУДОРЕМОНТНО-СУДОСТРОИТЕЛЬНАЯ КОРПОРАЦИЯ;Юридическое лицо;нет
СТАНДАРТЭЛЕКТРО;ПАО;7710037199;770301001;Комарова Елена Евгеньевна (Генеральный директор);MDM-612-000245371;нет;нет;СТАНДАРТЭЛЕКТРО;Юридическое лицо;нет
СТЭП;ПАО;2635002117;263501001;Луковка Евгений Александрович (ГЕНЕРАЛЬНЫЙ ДИРЕКТОР);MDM-612-000245366;нет;нет;СТАВРОПОЛЬСКИЙ ЭЛЕКТРОНПРОЕКТ;Юридическое лицо;нет
СУПЕРТЕЛ;ПАО;7809014190;781301001;Лукин Константин Игоревич (ГЕНЕРАЛЬНЫЙ ДИРЕКТОР);MDM-612-000245494;нет;нет;СУПЕРТЕЛ;Юридическое лицо;нет
СУРГУТНЕФТЕГАЗ;ПАО;8602060555;860201001;Богданов Владимир Леонидович (ГЕНЕРАЛЬНЫЙ ДИРЕКТОР);MDM-612-000245489;нет;нет;СУРГУТНЕФТЕГАЗ;Юридическое лицо;нет
СЭЗ ИМ. СЕРГО ОРДЖОНИКИДЗЕ;ПАО;6452019819;645201001;Ханенко Дмитрий Борисович (ГЕНЕРАЛЬНЫЙ ДИРЕКТОР);MDM-512-000233923;нет;нет;САРАТОВСКИЙ ЭЛЕКТРОПРИБОРОСТРОИТЕЛЬНЫЙ ЗАВОД ИМЕНИ СЕРГО ОРДЖОНИКИДЗЕ;Юридическое лицо;нет
Т ПЛЮС;ПАО;6315376946;502401001;Вагнер Андрей Александрович (ГЕНЕРАЛЬНЫЙ ДИРЕКТОР);MDM-412-000225677;нет;нет;Т ПЛЮС;Юридическое лицо;нет
ТАКСОМОТОРНЫЙ ПАРК №20;ПАО;7715030599;771501001;Косырев Сергей Васильевич (Генеральный директор);MDM-512-000232686;нет;нет;ТАКСОМОТОРНЫЙ ПАРК №20;Юридическое лицо;нет
ТАНТК ИМ. Г.М. БЕРИЕВА;ПАО;6154028021;615401001;Грудинин Юрий Владимирович (Генеральный директор);MDM-412-000225695;нет;нет;ТАГАНРОГСКИЙ АВИАЦИОННЫЙ НАУЧНО-ТЕХНИЧЕСКИЙ КОМПЛЕКС ИМ. Г.М. БЕРИЕВА;Юридическое лицо;нет
ТАТНЕФТЬ ИМ. В.Д. ШАШИНА;ПАО;1644003838;164401001;Маганов Наиль Ульфатович (ГЕНЕРАЛЬНЫЙ ДИРЕКТОР);MDM-912-000281771;нет;нет;ТАТНЕФТЬ ИМЕНИ В.Д. ШАШИНА;Юридическое лицо;нет
ТГК-14;ПАО;7534018889;753401001;Лизунов Алексей Анатольевич (ГЕНЕРАЛЬНЫЙ ДИРЕКТОР);MDM-713-000552901;нет;нет;ТЕРРИТОРИАЛЬНАЯ ГЕНЕРИРУЮЩАЯ КОМПАНИЯ № 14;Юридическое лицо;нет
ТЕХПРИБОР;ПАО;7810237177;781001001;Абрамян Камо Владимирович (ГЕНЕРАЛЬНЫЙ ДИРЕКТОР);MDM-412-000225676;нет;нет;ТЕХПРИБОР;Юридическое лицо;нет
ТЗА;ПАО;0269008334;026901001;Кленько Сергей Викторович (ГЕНЕРАЛЬНЫЙ ДИРЕКТОР);MDM-612-000245428;нет;нет;ТУЙМАЗИНСКИЙ ЗАВОД АВТОБЕТОНОВОЗОВ;Юридическое лицо;нет
ТИПОГРАФИЯ МВД;ПАО;7718239870;771801001;;MDM-912-000281781;нет;нет;ТИПОГРАФИЯ МВД;Юридическое лицо;нет
ТКБ БАНК;ПАО;7709129705;770901001;Ивановский Евгений Леонидович (ПРЕДСЕДАТЕЛЬ ПРАВЛЕНИЯ);MDM-612-000245808;нет;нет;ТРАНСКАПИТАЛБАНК;Юридическое лицо;нет
ТМЗ;ПАО;7611000399;761101001;Грибанов Виталий Михайлович (ГЕНЕРАЛЬНЫЙ ДИРЕКТОР);MDM-713-000552896;нет;нет;ТУТАЕВСКИЙ МОТОРНЫЙ ЗАВОД;Юридическое лицо;нет
ТМК;ПАО;7710373095;770901001;Корытько Игорь Валерьевич (ГЕНЕРАЛЬНЫЙ ДИРЕКТОР);MDM-114-000621896;нет;нет;ТРУБНАЯ МЕТАЛЛУРГИЧЕСКАЯ КОМПАНИЯ;Юридическое лицо;нет
ТОРГМАШ;ПАО;6663023846;668601001;Урманов Роман Александрович (ГЕНЕРАЛЬНЫЙ ДИРЕКТОР);MDM-612-000245363;нет;нет;ТОРГМАШ;Юридическое лицо;нет
ТРК ВС РФ ЗВЕЗДА;ПАО;7717653542;771701001;;MDM-713-000552892;нет;нет;ТЕЛЕРАДИОКОМПАНИЯ ВООРУЖЕННЫХ СИЛ РОССИЙСКОЙ ФЕДЕРАЦИИ ЗВЕЗДА;Юридическое лицо;нет
ТТМ;ПАО;7721009115;772101001;Аксенов Владимир Евгеньевич (ГЕНЕРАЛЬНЫЙ ДИРЕКТОР);MDM-512-000232687;нет;нет;ТЕРМОТОРГМАШ;Юридическое лицо;нет
ТУПОЛЕВ;ПАО;7705313252;770901001;Конюхов Александр Владимирович (Генеральный директор);MDM-412-000225675;нет;нет;ТУПОЛЕВ;Юридическое лицо;нет
ТУПОЛЕВ;ПАО;7705313252;770901001;Шарипов Ронис Накипович (ГЕНЕРАЛЬНЫЙ ДИРЕКТОР);MDM-713-000552890;нет;нет;ТУПОЛЕВ;Юридическое лицо;нет
ТЯЖПРЕССМАШ;ПАО;6229009163;622901001;Володин Алексей Михайлович (ГЕНЕРАЛЬНЫЙ ДИРЕКТОР);MDM-612-000245429;нет;нет;ТЯЖПРЕССМАШ;Юридическое лицо;нет
УК АРСАГЕРА;ПАО;7840303927;783501001;Соловьев Василий Евгеньевич (Председатель Правления);MDM-512-000234482;нет;нет;УПРАВЛЯЮЩАЯ КОМПАНИЯ АРСАГЕРА;Юридическое лицо;нет
УК ЕПК;ПАО;7723557068;772201001;Копецкий Александр Карлович (Генеральный директор);MDM-612-000245658;нет;нет;УПРАВЛЯЮЩАЯ КОМПАНИЯ ЕПК;Юридическое лицо;нет
УКЗ;ПАО;0533000117;053301001;Магомаев Магомед Тагирович (ГЕНЕРАЛЬНЫЙ ДИРЕКТОР);MDM-612-000245659;нет;нет;УНЦУКУЛЬСКИЙ КОНСЕРВНЫЙ ЗАВОД;Юридическое лицо;нет
УРАЛАВТОПРИЦЕП;ПАО;7450003445;746001001;Филатов Валерий Иванович (ГЕНЕРАЛЬНЫЙ ДИРЕКТОР);MDM-612-000245440;нет;нет;ЧЕЛЯБИНСКИЙ МАШИНОСТРОИТЕЛЬНЫЙ ЗАВОД АВТОМОБИЛЬНЫХ ПРИЦЕПОВ УРАЛАВТОПРИЦЕП;Юридическое лицо;нет
УРАЛЬСКИЙ ЗАВОД РТИ;ПАО;6664002550;667901001;Козырев Олег Станиславович (ГЕНЕРАЛЬНЫЙ ДИРЕКТОР);MDM-512-000232751;нет;нет;УРАЛЬСКИЙ ЗАВОД РЕЗИНОВЫХ ТЕХНИЧЕСКИХ ИЗДЕЛИЙ;Юридическое лицо;нет
ФСК ЕЭС;ПАО;4716016979;772801001;Муров Андрей Евгеньевич (ПРЕДСЕДАТЕЛЬ ПРАВЛЕНИЯ);MDM-713-000552806;нет;нет;ФЕДЕРАЛЬНАЯ СЕТЕВАЯ КОМПАНИЯ ЕДИНОЙ ЭНЕРГЕТИЧЕСКОЙ СИСТЕМЫ;Юридическое лицо;нет
ЦЕНТРАЛЬНЫЙ ТЕЛЕГРАФ;ПАО;7710146208;771001001;Нечаев Евгений Александрович (ГЕНЕРАЛЬНЫЙ ДИРЕКТОР);MDM-612-000245516;нет;нет;ЦЕНТРАЛЬНЫЙ ТЕЛЕГРАФ;Юридическое лицо;нет
ЦЕНТРИНВЕСТПРОЕКТ;ПАО;7743598175;774301001;Величко Юрий Николаевич (Генеральный директор);MDM-612-000245514;нет;нет;ЦЕНТР НАУЧНО-МЕТОДИЧЕСКОГО ОБЕСПЕЧЕНИЯ ИНЖЕНЕРНОГО СОПРОВОЖДЕНИЯ ИНВЕСТИЦИЙ В СТРОИТЕЛЬСТВЕ;Юридическое лицо;нет
ЦНИИЭУС;ПАО;7736565355;773601001;Матвеев Михаил Юрьевич (ДИРЕКТОР);MDM-713-000545760;нет;нет;ЦЕНТРАЛЬНЫЙ НАУЧНО-ИССЛЕДОВАТЕЛЬСКИЙ ИНСТИТУТ ЭКОНОМИКИ И УПРАВЛЕНИЯ В СТРОИТЕЛЬСТВЕ;Юридическое лицо;нет
ЦНИТА;ПАО;7816025556;781601001;Бойко Сергей Вячеславович (Генеральный директор);MDM-713-000545759;нет;нет;ЦЕНТРАЛЬНЫЙ НАУЧНО-ИССЛЕДОВАТЕЛЬСКИЙ И КОНСТРУКТОРСКИЙ ИНСТИТУТ ТОПЛИВНОЙ АППАРАТУРЫ АВТОТРАКТОРНЫХ И СТАЦИОНАРНЫХ ДВИГАТЕЛЕЙ;Юридическое лицо;нет
ЦНИТИ;ПАО;7711000811;771301001;Фежделюк Дмитрий Сергеевич (ГЕНЕРАЛЬНЫЙ ДИРЕКТОР);MDM-912-000282190;нет;нет;ЦЕНТРАЛЬНЫЙ НАУЧНО-ИССЛЕДОВАТЕЛЬСКИЙ ТЕХНОЛОГИЧЕСКИЙ ИНСТИТУТ;Юридическое лицо;нет
ЦНПО ЛЕНИНЕЦ;ПАО;7810240719;781001001;Сидоренко Кирилл Анатольевич (Генеральный директор);MDM-612-000245525;нет;нет;ЦЕНТРАЛЬНОЕ НАУЧНО-ПРОИЗВОДСТВЕННОЕ ОБЪЕДИНЕНИЕ ЛЕНИНЕЦ;Юридическое лицо;нет
ЧКПЗ;ПАО;7449006184;744901001;Гартунг Андрей Валерьевич (ГЕНЕРАЛЬНЫЙ ДИРЕКТОР);MDM-412-000225678;нет;нет;ЧЕЛЯБИНСКИЙ КУЗНЕЧНО-ПРЕССОВЫЙ ЗАВОД;Юридическое лицо;нет
ЧТПЗ;ПАО;7449006730;744901001;Коваленков Борис Геннадьевич (ГЕНЕРАЛЬНЫЙ ДИРЕКТОР);MDM-813-000558073;нет;нет;ЧЕЛЯБИНСКИЙ ТРУБОПРОКАТНЫЙ ЗАВОД;Юридическое лицо;нет
ЧЧЗ МОЛНИЯ;ПАО;7453006148;745301001;Медведев Александр Юрьевич (ГЕНЕРАЛЬНЫЙ ДИРЕКТОР);MDM-612-000245523;нет;нет;ЧЕЛЯБИНСКИЙ ЧАСОВОЙ ЗАВОД МОЛНИЯ;Юридическое лицо;нет
ЭВТ;ПАО;3435800840;343501001;Зайцев Денис Михайлович (ГЕНЕРАЛЬНЫЙ ДИРЕКТОР);MDM-612-000245503;нет;нет;ЭЛЕКТРОННО-ВЫЧИСЛИТЕЛЬНАЯ ТЕХНИКА;Юридическое лицо;нет
ЭКСПЕРИМЕНТАЛЬНЫЙ ЗАВОД;ПАО;7810215381;781001001;Сидоренко Кирилл Анатольевич (Генеральный директор);MDM-912-000282183;нет;нет;ЭКСПЕРИМЕНТАЛЬНЫЙ ЗАВОД;Юридическое лицо;нет
ЭЛЕКОНД;ПАО;1827003592;183801001;Наумов Анатолий Федорович (ГЕНЕРАЛЬНЫЙ ДИРЕКТОР);MDM-612-000245504;нет;нет;ЭЛЕКОНД;Юридическое лицо;нет
ЭЛЕКТРОАГРЕГАТ;ПАО;4631005223;463201001;Будников Станислав Стефанович (ИСПОЛНИТЕЛЬНЫЙ ДИРЕКТОР);MDM-612-000245512;нет;нет;ЭЛЕКТРОАГРЕГАТ;Юридическое лицо;нет
ЭЛЕКТРОМЕХАНИКА;ПАО;6914001400;691401001;Константинов Виктор Вениаминович (ГЕНЕРАЛЬНЫЙ ДИРЕКТОР);MDM-713-000555003;нет;нет;ЭЛЕКТРОМЕХАНИКА;Юридическое лицо;нет
ЭЛЕКТРОПРИБОР;ПАО;6829000109;683201001;Вецин Виталий Сергеевич (ГЕНЕРАЛЬНЫЙ ДИРЕКТОР);MDM-512-000232589;нет;нет;ТАМБОВСКИЙ ЗАВОД ЭЛЕКТРОПРИБОР;Юридическое лицо;нет
ЭЛЕКТРОСИГНАЛ;ПАО;0542000272;054201001;Мирзабеков Далгат Марданович (ГЕНЕРАЛЬНЫЙ ДИРЕККТОР);MDM-713-000554991;нет;нет;ЭЛЕКТРОСИГНАЛ;Юридическое лицо;нет
ЭТАЛОН;ПАО;7826009627;781101001;Протопопов Евгений Николаевич (ГЕНЕРАЛЬНЫЙ ДИРЕКТОР);MDM-612-000245502;нет;нет;ЭТАЛОН;Юридическое лицо;нет
ЭХМЗ ИМ Н.Д. ЗЕЛИНСКОГО;ПАО;5053002307;505301001;Дубовик Борис Алексеевич (ГЕНЕРАЛЬНЫЙ ДИРЕКТОР УПРАВЛЯЮЩЕЙ ОРГАНИЗ);MDM-713-000545720;нет;нет;ЭЛЕКТРОСТАЛЬСКИЙ ХИМИКО-МЕХАНИЧЕСКИЙ ЗАВОД ИМЕНИ Н.Д. ЗЕЛИНСКОГО;Юридическое лицо;нет
"ЯРОСЛАВСКИЙ ЗАВОД КРАСНЫЙ МАЯК, ПАО ЯЗКМ";ПАО;7601000022;760601001;Мизернов Евгений Владимирович (ГЕНЕРАЛЬНЫЙ ДИРЕКТОР);MDM-512-000232295;нет;нет;ЯРОСЛАВСКИЙ ЗАВОД КРАСНЫЙ МАЯК;Юридическое лицо;нет
ЯРОСЛАВСКИЙ РАДИОЗАВОД;ПАО;7601000086;760401001;Филимонов Владимир Львович (ГЕНЕРАЛЬНЫЙ ДИРЕКТОР);MDM-612-000245507;нет;нет;ЯРОСЛАВСКИЙ РАДИОЗАВОД;Юридическое лицо;нет
